{"cameraMode":{"drawMode":0,"name":"Shaded","section":"Shading Mode"},"sceneLighting":true,"audioPlay":false,"sceneViewState":{"showFog":true,"showMaterialUpdate":true,"showSkybox":true,"showFlares":true,"showImageEffects":true,"showParticleSystems":true},"in2DMode":false,"pivot":{"x":0.7428483963012695,"y":2.6764979362487795,"z":0.8767266273498535},"rotation":{"x":0.0000022521701339428548,"y":0.044985126703977588,"z":-8.007395280174024e-8,"w":0.9989876747131348},"size":13.105457305908204,"orthographic":false}